{
  "buyPrice": [
    45.516180078776486,
    45.64402080659056,
    45.567391208714135,
    45.59357759688062,
    45.88597221862936,
    46.17450051109243,
    46.14069557298279,
    46.39789847698713,
    46.49212958776689,
    46.67216010690654,
    46.85660693835975,
    47.05555892966962,
    46.988705665615804,
    47.04742329287971,
    46.962635442088846,
    47.04060555934537,
    47.2584481826557,
    47.53376454638184,
    47.61117748457087,
    47.92561768768931,
    48.24281705799807,
    48.310480390511636,
    48.19561309412146,
    48.299229896573195,
    48.502925105996376,
    48.70700684554756,
    48.822996724118,
    48.958822999895695,
    48.84513174198008,
    49.07923330280233
  ],
  "sellPrice": [
    45.12012573441649,
    45.36197957194829,
    45.0582323325336,
    45.09132638915444,
    45.089005785003906,
    44.848381651753904,
    44.68173204522896,
    44.953466874264,
    44.755520471222404,
    44.953645777729754,
    44.99671524483728,
    44.91987209357524,
    45.030997878506426,
    45.18405184981537,
    45.22925890488434,
    45.296738413258076,
    45.25026361121631,
    45.318399098964456,
    45.03096086399627,
    45.21436673363209,
    45.60128454918361,
    45.80747079345799,
    45.8845123836217,
    46.02479326438475,
    45.85252362140131,
    45.65939527376485,
    45.63380282453537,
    45.66572064227796,
    45.71951403552199,
    45.74139783647013
  ]
}