{
  "buyPrice": [
    63.172529349399916,
    64.26992729165065,
    67.43194427074599,
    69.71487446546338,
    72.46754905895948,
    75.21056948101854,
    76.32874871687113,
    81.08320196616089,
    79.53267583334194,
    81.93341450293802,
    82.08488569445025,
    82.77232338412975,
    83.51112126585423,
    85.44818387300347,
    87.7184533114649,
    90.62598633148025,
    96.03334843672131,
    97.71288739995526,
    101.33631309037708,
    106.20264439494846,
    112.3764925455954,
    113.75810929495213,
    116.50904062092016,
    118.79642828450677,
    120.2618542752757,
    122.56058421113346,
    124.33094961924694,
    126.04890666813085,
    127.54464124054263,
    130.51126330642197
  ],
  "sellPrice": [
    48.39618003138351,
    49.745717348222364,
    50.28563378167473,
    51.264848115528096,
    52.160931758304585,
    53.18881414953934,
    53.85301562773727,
    53.71888332812595,
    54.28898697649454,
    53.48928506467592,
    53.390387732475034,
    53.432827470112194,
    52.89284483662712,
    52.609657646697514,
    53.76759000219308,
    53.65431622955512,
    53.19128561742722,
    53.743051856734866,
    54.37959275459837,
    55.2591263891971,
    56.929198747753375,
    58.18569743528627,
    59.21731461169981,
    60.47022746412753,
    61.57431160968207,
    61.426972403544895,
    61.13980217831384,
    61.30964387890338,
    59.94278973684119,
    59.99607524650418
  ]
}