{
  "buyPrice": [
    43.78282608550501,
    43.78650479636663,
    43.79611017224687,
    43.80251816392028,
    43.77918968907457,
    43.82542878375798,
    43.83947981956517,
    43.76782826429992,
    43.82195371109646,
    43.82953328358346,
    43.83571383518922,
    43.79394684695225,
    43.78315137769478,
    43.73136644787347,
    43.76129597398489,
    43.76399880827719,
    43.75817264003265,
    43.708424092212375,
    43.694037185607606,
    43.60111469471329,
    43.72482357895064,
    43.7338947351371,
    43.67599801466071,
    43.57900804906821,
    43.5692387047671,
    43.572695264864976,
    43.666151975453076,
    43.570182845513045,
    43.49378678465056,
    43.459448623739476
  ],
  "sellPrice": [
    36.965568649547585,
    35.77425927991486,
    33.789595049218185,
    33.73799419340754,
    32.06570165747977,
    31.65333023884917,
    31.257136027033813,
    29.259764737118726,
    27.413311679567343,
    22.57304387508941,
    22.44634764465833,
    18.177427561531545,
    16.082795229656934,
    12.833217064099312,
    11.426525563010097,
    8.2234094080652,
    6.385765467543543,
    1.902306313636705,
    -1.6181837292787438,
    -5.942946439107062,
    -10.80508984694171,
    -16.01946850238061,
    -20.615802454117063,
    -26.0012763783865,
    -31.94525422982216,
    -37.18449475373602,
    -46.10190587694359,
    -50.70962998414326,
    -56.444974172105795,
    -60.413373366736415
  ]
}