{
  "buyPrice": [
    43.20312631215113,
    43.176975993675406,
    43.16219238927823,
    43.19048752048492,
    43.15551993240988,
    43.14479057945114,
    43.16318677841121,
    43.147905979447536,
    43.13498156537079,
    43.07460945066976,
    43.03835656174731,
    43.069172046261784,
    43.101235806496376,
    43.093915409900426,
    43.07777774370515,
    43.096856262868165,
    43.16525754088759,
    43.174331341726,
    43.25305205165201,
    43.211877465451714,
    43.162208257189924,
    43.11838372973632,
    43.14026029066181,
    43.164556708121,
    43.160777500485295,
    43.183513573294334,
    43.269647242634534,
    43.28819154210376,
    43.27562944534409,
    43.257495066927014
  ],
  "sellPrice": [
    40.2532985258112,
    38.81305452072955,
    37.75876686278582,
    37.176185633797175,
    37.7581615118661,
    38.78517386279965,
    39.68486339199925,
    40.60762794244147,
    41.754738729790695,
    41.58703528464413,
    40.642791396743306,
    38.943531539361004,
    38.17831753092051,
    38.36177337521935,
    39.74841727342654,
    40.59135515390206,
    41.416092681067475,
    43.85954387766934,
    43.93612607911015,
    43.27598028096009,
    43.05973194012833,
    41.99349656666375,
    40.08349228273297,
    39.695616335968026,
    39.43739699803544,
    39.98713528458119,
    41.242763189434534,
    41.2294534343443,
    42.06639090658045,
    44.27643418781472
  ]
}