{
  "buyPrice": [
    1.1405978087164164,
    1.141632494600296,
    1.1434396437062024,
    1.1477901914148332,
    1.1514509538813829,
    1.1495604370102883,
    1.1508070072748662,
    1.1518643758641482,
    1.1482897242622376,
    1.1459948729279041,
    1.1462771795693636,
    1.1507301924694777,
    1.1500896627061368,
    1.1509337673442364,
    1.151929753067732,
    1.1523148938555718,
    1.1530037246273757,
    1.1532497373360395,
    1.151269861193061,
    1.1493198623759746,
    1.150107741496086,
    1.1482098776100873,
    1.1476279074054956,
    1.1476507745883464,
    1.1485449849056006,
    1.1483196497126817,
    1.145611504727721,
    1.143709157237649,
    1.1419304978663922,
    1.1396583292374611
  ],
  "sellPrice": [
    1.1513382986335756,
    1.1571067317187786,
    1.1552309346557261,
    1.1514471860251427,
    1.1531230941980481,
    1.1562490028927923,
    1.1562493878806235,
    1.1550752712426782,
    1.1547631263174416,
    1.155858577108562,
    1.1546159566984178,
    1.15325475201571,
    1.1512535932901502,
    1.1511998072819114,
    1.151090799581647,
    1.153480001979232,
    1.155432307353139,
    1.1499591599344017,
    1.1482586686843634,
    1.1481072080551387,
    1.1497945455542804,
    1.1494392819919588,
    1.1472251768723132,
    1.1503245695301891,
    1.1454629271577002,
    1.1447287393226029,
    1.144717815292895,
    1.142875648521006,
    1.1385556439239979,
    1.139982841937423
  ]
}