{
  "buyPrice": [
    4494.063479046631,
    4444.959915901709,
    4415.796439200688,
    4392.734125382948,
    4434.106580687094,
    4411.388679100562,
    4432.05904229622,
    4471.760100353527,
    4474.95192663293,
    4479.798773946095,
    4492.214502239275,
    4574.1518608403685,
    4680.244133725215,
    4632.313516841698,
    4578.341100847292,
    4625.562934758711,
    4723.987045871783,
    4713.159810246754,
    4746.345182527352,
    4757.410384998609,
    4784.242298363257,
    4826.749829936076,
    4856.1231268671045,
    4898.272428778935,
    4974.141376922894,
    5031.285660687018,
    5057.201017876197,
    5144.086039852191,
    5165.448298050213,
    5171.038216031599
  ],
  "sellPrice": [
    3951.165148427892,
    3937.2456231935503,
    3921.1009800078155,
    3916.2641119494915,
    3904.8335152240275,
    3882.0137740624427,
    3860.801972322035,
    3852.8382710799456,
    3838.755495471525,
    3825.695977301884,
    3808.9884017917393,
    3785.3316826150894,
    3789.418571290302,
    3798.802909016538,
    3802.5763467383863,
    3791.489138730812,
    3790.3829767133475,
    3785.1418208947657,
    3761.5567476503134,
    3747.9000094601392,
    3735.872704470801,
    3735.0610584103347,
    3725.7396667531016,
    3696.7483961676835,
    3712.1791388147353,
    3709.889795402694,
    3690.492938651848,
    3695.7584029117106,
    3694.5598688173773,
    3675.6604395386457
  ]
}