{
  "buyPrice": [
    31620.88058418718,
    31115.269849794237,
    31457.01033606966,
    31600.564938204578,
    31432.266866084094,
    32266.755086402754,
    32112.559976973887,
    32443.792962296535,
    32821.04185113838,
    32483.370929850178,
    32335.869042751376,
    32927.32249879096,
    32935.12696764891,
    32884.86129700283,
    32862.57200853829,
    33026.34142926815,
    33817.54466658882,
    33866.64331385427,
    34200.04516064349,
    34685.52259645705,
    34508.551223733855,
    35008.73444130146,
    35464.35195352137,
    35074.684133888266,
    35458.25511446303,
    35004.038459352574,
    35168.50509074181,
    35786.27020443468,
    36107.44190362656,
    36872.726066526775
  ],
  "sellPrice": [
    29207.85993886424,
    29539.58340831236,
    29410.87025533399,
    29223.112443681228,
    29120.384515392852,
    28885.122686024817,
    29105.33780179591,
    29290.331042508467,
    29395.72336823311,
    29405.06563631776,
    29238.515208754125,
    29438.926458333655,
    29015.69884840795,
    29579.96204113883,
    29758.255634354322,
    29800.548452179955,
    29790.34599857236,
    30082.68277065148,
    30380.1240360617,
    30282.385183806407,
    30632.358741292617,
    30587.243643877777,
    30731.985646328652,
    31085.010140315233,
    31230.250832600934,
    31028.02012731401,
    31021.308502550164,
    31280.9756462363,
    31215.453463921403,
    31318.044198063082
  ]
}