{
  "buyPrice": [
    3943.348388584141,
    3948.212448369131,
    3968.7379127649783,
    4003.9063314313166,
    4042.5770384565258,
    4108.02029570449,
    4157.130561522951,
    4192.440972830946,
    4189.55447792425,
    4237.233009206253,
    4284.008514519798,
    4278.948735147659,
    4318.763353787049,
    4350.842473087609,
    4412.614290659302,
    4445.0901627881085,
    4462.443080572965,
    4411.290305216826,
    4424.622262976717,
    4449.602045397431,
    4427.604108451512,
    4408.069345314293,
    4421.935915702127,
    4462.796438560623,
    4438.094442160283,
    4420.412963439533,
    4446.513631640644,
    4498.688399773117,
    4539.519107128895,
    4544.5021337217595
  ],
  "sellPrice": [
    4346.144019452865,
    4319.103482219078,
    4339.975097255584,
    4333.401748949341,
    4373.72284214154,
    4399.134282654716,
    4406.95951647509,
    4393.768200080627,
    4406.8816691959,
    4413.860076515815,
    4424.554267381462,
    4432.335514324569,
    4450.675826977981,
    4461.436156385704,
    4435.975349305237,
    4412.889517144775,
    4391.254302577026,
    4413.68539481617,
    4455.678938701538,
    4489.024789097366,
    4539.829948791869,
    4592.08097929377,
    4620.624981663459,
    4604.651732621192,
    4597.069850661376,
    4618.769937961784,
    4645.809842290862,
    4642.454497976829,
    4651.293328688445,
    4655.205312693924
  ]
}