{
  "buyPrice": [
    1214.578839571655,
    1207.1110191963758,
    1201.256214845102,
    1192.6990811675491,
    1184.9308483807624,
    1188.1795805189622,
    1188.878408615966,
    1191.7539716433348,
    1191.0849010363545,
    1187.4251663036753,
    1188.371730961876,
    1188.4679880750812,
    1194.543972792299,
    1196.9768113042833,
    1200.1202644985617,
    1201.1037168033197,
    1201.3521809315098,
    1202.5478645281949,
    1199.9842094708265,
    1201.6589231758585,
    1202.2038708537925,
    1200.9904346224728,
    1200.135179621923,
    1197.0286140742016,
    1195.1733909981479,
    1193.5330912118961,
    1190.0564850914145,
    1191.492993362861,
    1190.9317481842781,
    1192.3603987321974
  ],
  "sellPrice": [
    1308.7859600167062,
    1290.1177550774457,
    1300.4249056438307,
    1308.3748846655276,
    1301.5849384578469,
    1328.4136803066472,
    1341.6878490714505,
    1366.585628120201,
    1359.7834587870339,
    1397.1638137119464,
    1399.0885194358543,
    1415.4149772506837,
    1415.082333621376,
    1419.0216723495557,
    1427.5286766612749,
    1437.7629250149373,
    1445.2232514501861,
    1446.3627668749932,
    1454.9885101200084,
    1451.690448939667,
    1461.237583024917,
    1465.5236801820733,
    1473.0000130911735,
    1473.1998029875163,
    1475.5980093106225,
    1481.645400645006,
    1477.7113003991774,
    1481.5644951953582,
    1481.2302509186652,
    1486.0562027848032
  ]
}