{
  "buyPrice": [
    47.066057793789085,
    47.19412285630488,
    47.41857338981169,
    47.396939181129696,
    47.23841797421157,
    47.17427406629789,
    47.3049058801704,
    47.09386351300192,
    47.00611453842616,
    47.24621547084415,
    47.21858275293422,
    47.13066756142038,
    46.902388384700416,
    46.96500694125718,
    47.18896221613216,
    47.0384985731647,
    46.9979292022714,
    47.163831798113165,
    47.15933489496529,
    46.90274343312597,
    46.72215155672246,
    46.724829119371236,
    46.76661063011229,
    46.6227866188482,
    46.75215654086429,
    46.63022454414534,
    46.464404491408885,
    46.40821298979115,
    46.513991413874805,
    46.54861428900379
  ],
  "sellPrice": [
    48.37043038254559,
    48.63759059862876,
    48.91050946448124,
    49.04484782487667,
    49.013512001073124,
    49.139797744071366,
    49.28230398526204,
    49.42801726099849,
    49.784624134036065,
    50.08753634411478,
    50.38823368889761,
    50.2369086677227,
    50.177342351663114,
    50.35879406099534,
    50.38776133497226,
    50.57234097651828,
    50.818758301085474,
    50.91376698201251,
    51.05635684566843,
    50.9616103324703,
    51.1457763818233,
    51.19804042260635,
    51.642726612288115,
    51.85595485841644,
    51.94376070699859,
    52.025855367210625,
    52.18911128011715,
    52.343186802378895,
    52.53014403401804,
    52.75765138110495
  ]
}