{
  "buyPrice": [
    39.14005910068428,
    39.21352710046935,
    39.2878919829433,
    39.346015335706234,
    39.36674679087115,
    39.37275881837738,
    39.39191541368473,
    39.43340273434234,
    39.42248344351995,
    39.52840300552988,
    39.527699043173556,
    39.5449374591744,
    39.500468141376494,
    39.56121048608256,
    39.55424330607271,
    39.64435521226239,
    39.64065586645699,
    39.7025352599802,
    39.7619216503489,
    39.76928884476256,
    39.760713732838155,
    39.811049403605466,
    39.8250152608223,
    39.84769481763101,
    39.860736232111456,
    39.911791613833664,
    39.89540677187562,
    39.901737708503006,
    39.89827931625581,
    39.95249071713257
  ],
  "sellPrice": [
    40.924963091949465,
    41.20922528314209,
    41.09349300985718,
    41.1534978470459,
    41.2601841333313,
    41.194253592163086,
    41.36849983078003,
    41.81707436257935,
    41.99456210610962,
    42.05176309664917,
    42.21960189233398,
    42.46373333959961,
    42.31751612161255,
    42.116237400787355,
    42.59454435696411,
    42.64219715551758,
    42.62638793145752,
    42.84455585321045,
    43.24799490863037,
    43.32093742788696,
    43.318945925354,
    43.39076596136474,
    43.726981966857906,
    44.092894187591554,
    44.579050654937745,
    44.97239995562744,
    45.15808355859375,
    45.091512273132324,
    45.40010543005371,
    45.617857733886716
  ]
}