{
  "buyPrice": [
    39.33527853889811,
    39.3807793138715,
    39.438433548745394,
    39.46479268228221,
    39.49529330358386,
    39.51930374103927,
    39.55383003668952,
    39.58424263979482,
    39.62429555166817,
    39.67418333884883,
    39.69798067961836,
    39.742962610486984,
    39.75431695781541,
    39.80512661978936,
    39.858275712771416,
    39.89564638592458,
    39.92150057296658,
    39.964810158104655,
    40.002602392092946,
    40.035243245326754,
    40.07574551325512,
    40.10247524972391,
    40.11797571735382,
    40.150134786776064,
    40.191267079688785,
    40.21786247259474,
    40.22430633107447,
    40.27369843683362,
    40.31187053882718,
    40.350190881993534
  ],
  "sellPrice": [
    40.67186917356002,
    40.75798987573218,
    40.844715194812174,
    40.92414790380382,
    41.021886552405,
    41.09909148063624,
    41.19332800207126,
    41.28375078608763,
    41.36569498069644,
    41.43946754525089,
    41.534866791508676,
    41.60923002027309,
    41.69519724276864,
    41.77774605428529,
    41.85026287603116,
    41.9260678835758,
    41.982162379925015,
    42.062339232803225,
    42.176556017592546,
    42.28417317628789,
    42.39389719236207,
    42.506728009162664,
    42.60505267107451,
    42.691210580440995,
    42.781977531004905,
    42.877558162335035,
    42.938847713192345,
    43.02264296571899,
    43.1208792605443,
    43.19958177834725
  ]
}