{
  "buyPrice": [
    52.662418450959436,
    52.54972497167217,
    52.54154486767554,
    52.43034356439721,
    52.36327989943241,
    52.12487852849841,
    51.74600991123676,
    51.67886931739425,
    51.68918999794054,
    51.53680976540732,
    51.76010132788419,
    52.043199597861765,
    51.976160354762904,
    52.078132634902474,
    52.25233258355986,
    52.575288559844964,
    52.69210933447611,
    52.78097195697903,
    52.94300371093178,
    52.873455121107575,
    53.01807530573833,
    53.19849306146406,
    53.271005244720094,
    53.39663987076902,
    53.64369879317879,
    53.50583735994696,
    53.55104711817526,
    53.77753794509029,
    53.6233138616786,
    53.5880902044332
  ],
  "sellPrice": [
    54.08050417077076,
    54.28090867565452,
    54.500001579575176,
    54.736881677717676,
    54.970655183652276,
    54.893620489138236,
    54.82462581156479,
    54.80186611597871,
    54.84280621439158,
    54.90228573218357,
    54.89760630555593,
    54.93013027444958,
    55.04361613932764,
    55.29013351172518,
    55.608080524299375,
    55.82392274093329,
    55.90251073155128,
    56.08295440458345,
    56.08520131089734,
    56.042077805696835,
    56.29577550914096,
    56.41753340845942,
    56.37682044296741,
    56.36462364934611,
    56.323390476196636,
    56.27597098381554,
    56.435955597943895,
    56.55561312831675,
    56.61054998769151,
    56.784111288992634
  ]
}