{
  "buyPrice": [
    4428.760654630455,
    4430.76211242342,
    4470.560742364872,
    4513.729071130602,
    4547.545050951241,
    4621.820761059978,
    4576.425960454901,
    4617.021217935201,
    4620.595504458713,
    4671.396478276149,
    4729.571363414723,
    4670.922457331177,
    4688.447290502651,
    4676.958929255591,
    4724.518598430833,
    4750.8656682046985,
    4741.914064737024,
    4800.261763257042,
    4792.755567021028,
    4833.843002199323,
    4838.406831762543,
    4873.262609921436,
    4883.120754129289,
    4880.72795346315,
    4969.510585008888,
    4938.624651207206,
    4905.157216199047,
    4916.783698460169,
    4992.500600840043,
    5057.631791980246
  ],
  "sellPrice": [
    4383.68143119652,
    4338.743160694567,
    4326.163635702275,
    4312.939449328006,
    4303.729256816211,
    4345.473848784927,
    4371.825359532891,
    4386.831643924456,
    4423.547714320477,
    4428.620678458142,
    4405.535452045527,
    4372.041549006442,
    4393.450655825918,
    4428.448117583169,
    4494.963823154336,
    4506.892337826798,
    4523.297993238433,
    4539.7541145663345,
    4545.964026959486,
    4600.532008251353,
    4641.010882481465,
    4618.415175456629,
    4617.761723237625,
    4594.034602928765,
    4600.2139101856,
    4604.94533402544,
    4657.902638622036,
    4698.8304967136355,
    4691.120932640997,
    4709.3130814884435
  ]
}