{
  "buyPrice": [
    4905.891511416515,
    5041.998208110961,
    5056.45212419615,
    5017.3067461703595,
    5063.647860100083,
    5110.770080100552,
    5215.812406640127,
    5198.5968509450695,
    5185.250077422837,
    5240.5953245798155,
    5304.239305672002,
    5383.5985219908525,
    5447.673258075714,
    5479.4054504353935,
    5523.893958703869,
    5607.836198155176,
    5639.805457726989,
    5675.881119287982,
    5792.861354880482,
    5810.8325968519775,
    5815.110582452738,
    5836.674304485014,
    5893.363485114968,
    5896.0532861757065,
    5999.605239122921,
    6112.969232673005,
    6144.283932541387,
    6162.303803684601,
    6183.76501763331,
    6219.632623703935
  ],
  "sellPrice": [
    4905.552105994943,
    4935.03408346781,
    4950.3999955862555,
    4967.603255604088,
    5003.519889908669,
    5039.019252094598,
    5157.318852120076,
    5258.577542776718,
    5347.44890705196,
    5345.181906741797,
    5318.129842968641,
    5396.716842301998,
    5517.594638162405,
    5510.906466712415,
    5488.912315012672,
    5508.68139057331,
    5620.9427844853335,
    5702.834477705108,
    5766.908679595509,
    5768.347607184707,
    5859.115407117204,
    5961.72523783707,
    6040.390458107033,
    6067.527495703407,
    6164.901306965432,
    6227.576535845763,
    6219.150340203657,
    6271.488587900572,
    6391.398470013064,
    6478.315999094838
  ]
}