{
  "buyPrice": [
    3482.8906519254665,
    3466.4753272400026,
    3443.5746170600755,
    3426.2109122316997,
    3412.055292662113,
    3395.5287227352464,
    3383.1345182877662,
    3379.456002545403,
    3363.796451423715,
    3369.77168976263,
    3394.4569509900857,
    3395.3307177735123,
    3429.8408425306775,
    3487.021764208892,
    3528.700362658597,
    3511.8707121087064,
    3481.6332143787963,
    3471.487532683239,
    3414.1359835550393,
    3437.165098121057,
    3475.563311545031,
    3494.7269913712157,
    3529.859472522225,
    3546.731538935389,
    3561.98968175101,
    3536.4362449221044,
    3551.271385901265,
    3524.001456205447,
    3504.3243516342786,
    3539.36178269168
  ],
  "sellPrice": [
    3532.2756503291207,
    3543.6141426480713,
    3490.277177453579,
    3442.5327062595215,
    3457.162092030797,
    3476.6891526341087,
    3498.1500590938463,
    3478.723470537922,
    3489.3580799913007,
    3472.3549697837716,
    3513.1425712859086,
    3549.7091897300625,
    3575.635027692975,
    3600.1669847374346,
    3602.062840203582,
    3571.254369289048,
    3541.676439899231,
    3582.720139057664,
    3611.079097600007,
    3622.9427058211368,
    3604.195316019334,
    3607.6404851682223,
    3594.6882690632156,
    3610.0061101304063,
    3615.228535303709,
    3625.316623102011,
    3618.7136232890834,
    3640.106262753092,
    3614.0328986553404,
    3611.571429916666
  ]
}