{
  "buyPrice": [
    48.65171508840966,
    48.365781028779985,
    48.13920829377961,
    49.1362598918221,
    50.58366354026556,
    50.068122434129954,
    50.177774576628444,
    51.53712296843433,
    52.06278616714955,
    52.99521851146531,
    53.878133671532396,
    54.04950046727824,
    55.3693842793653,
    55.99090855897283,
    56.354761885050536,
    56.779143934993265,
    58.627567751055004,
    57.86278690809202,
    58.53098862698197,
    59.991715450829986,
    60.581201106968166,
    60.82157880118466,
    61.949388378701684,
    62.50449134782577,
    63.56593057276249,
    64.80149295275164,
    65.22656525065517,
    65.5812415216298,
    67.12962057142687,
    67.45437528818107
  ],
  "sellPrice": [
    39.21794689528918,
    39.25213798142725,
    39.25667958458495,
    39.27522737095761,
    39.286596494274555,
    39.30814876158923,
    39.33341942288708,
    39.36519436684346,
    39.36235499282628,
    39.40202716377884,
    39.41579615112996,
    39.434455559085606,
    39.474085871944546,
    39.48998264572131,
    39.51690902716678,
    39.52991991793346,
    39.55743463813925,
    39.55764392860734,
    39.56845261855972,
    39.57266168241811,
    39.58110306463134,
    39.6303793426199,
    39.66180081823015,
    39.64720629625487,
    39.685092521879675,
    39.699305670113084,
    39.72527629175424,
    39.75025162094712,
    39.75642336430633,
    39.77695243377698
  ]
}