{
  "buyPrice": [
    109625.19656377412,
    109535.46436892507,
    109340.75558151069,
    109693.45897998492,
    109812.12591490151,
    111296.15108757647,
    111842.03974963966,
    113277.1747679724,
    113119.24732629965,
    113127.82668892387,
    112641.68519668038,
    112823.77529878306,
    113376.73811856878,
    113369.93569154858,
    114446.53884049975,
    114744.63658042089,
    115757.10517731356,
    116089.9417029779,
    116548.87348714058,
    116860.42952971211,
    115752.52544637535,
    115443.08829265124,
    115000.74734710067,
    115624.54333873048,
    115422.9130512915,
    115678.10787178364,
    115982.44625839657,
    116971.60097165983,
    118560.69433151891,
    119125.41790035392
  ],
  "sellPrice": [
    114297.52667247716,
    115157.49966262029,
    115421.63583852022,
    115965.71945976606,
    116296.96799844205,
    116619.74272308341,
    116150.74430334124,
    116532.48748729208,
    116385.00524446873,
    117057.4118577718,
    118869.0913043378,
    119396.00735713569,
    118876.74645140729,
    118303.29468015101,
    118738.38562484474,
    118847.80596324432,
    118407.66249929562,
    118154.81048671363,
    118628.52540568777,
    119356.76021844898,
    119199.43564367916,
    118564.88321333108,
    117963.05302376849,
    119586.7628694668,
    121297.82570223587,
    122485.85809556395,
    123007.87436548098,
    122089.28726441626,
    122361.48792086824,
    123069.10943258199
  ]
}