{
  "buyPrice": [
    130.2848371226034,
    68.81207795157097,
    17.12904509257964,
    6.625774710337865,
    -8.15322405439215,
    34.64389158724986,
    54.540320099087204,
    8.54167796259403,
    -18.686911711813977,
    15.243004419711085,
    75.02931804206645,
    49.5491993883707,
    32.79668325958843,
    19.59081923295808,
    44.44165079702008,
    39.57971815400558,
    31.613061075367032,
    29.760665850681878,
    40.558034104009735,
    36.69750061779512,
    57.582242706950794,
    44.62454753960683,
    35.414318182276304,
    29.94622942796103,
    33.09896043679112,
    37.885680115676074,
    24.556777719578047,
    17.677701834767106,
    10.786332377065397,
    30.372847909187165
  ],
  "sellPrice": [
    48.20001550880877,
    22.833403944826994,
    71.07292770037103,
    31.345069674677536,
    21.113611776898477,
    11.940860841726117,
    10.841679691239484,
    2.2503929547197603,
    57.90224530006954,
    20.21379694450904,
    36.201200290633565,
    34.00620014777715,
    23.320757602057768,
    7.989380005539269,
    8.355185724345182,
    30.72919228429491,
    38.695020664299136,
    36.30951900246489,
    32.538709791860796,
    34.576903618147945,
    33.79599911569647,
    30.13674904487133,
    34.34740798978477,
    43.795532248651774,
    32.988745498533255,
    31.61200935730726,
    44.571960798384225,
    38.55050945928238,
    35.95252596477176,
    42.87671293140109
  ]
}