{
  "buyPrice": [
    29.244651470787527,
    29.39190660677624,
    29.49034715652514,
    29.530132421684268,
    29.674427940443994,
    29.610444881859305,
    29.674052924416547,
    29.72003289876986,
    29.864459210156443,
    29.9228251305275,
    30.04007319703579,
    30.169272005776886,
    30.22127885807753,
    30.350578365566733,
    30.416233949335577,
    30.489139842968466,
    30.49765756811047,
    30.44281957629395,
    30.435029891526224,
    30.590257590468887,
    30.644617552596095,
    30.699687035787587,
    30.738416700276854,
    30.826577875520233,
    30.96334992459345,
    30.975380531350616,
    30.976078477846148,
    31.053736889407162,
    31.17430106986189,
    31.36787415761137
  ],
  "sellPrice": [
    29.36658845823574,
    29.362671680512904,
    29.35941676301384,
    29.50095418334913,
    29.586906915870664,
    29.658788176047324,
    29.73059885322809,
    29.718219058588026,
    29.662014166089058,
    29.727242111079214,
    29.901089187058446,
    30.00487164718151,
    29.977162614351748,
    30.030340537715432,
    29.952580061110496,
    29.976618778153895,
    30.125799989814755,
    30.080300570725438,
    30.073567415756703,
    30.207288637120723,
    30.107492380618094,
    30.07961441143751,
    30.264073235864636,
    30.364118268500327,
    30.353245015838144,
    30.428218042654514,
    30.41896241340637,
    30.409169890550135,
    30.393075810388563,
    30.48059872529411
  ]
}