{
  "buyPrice": [
    15.596692015435336,
    13.313804689249544,
    6.757128313522786,
    9.253825074288368,
    0.7602405808085092,
    -3.0292117013516124,
    -8.442465275427729,
    -21.648223377534627,
    -24.276222648092865,
    -22.42916513678956,
    -15.458507167804777,
    -4.997203207249402,
    1.780628724967584,
    -0.8153710884301587,
    -5.12658084959489,
    -4.537130994842648,
    4.185440200686202,
    15.612370509798108,
    20.893171338889,
    25.72521489646947,
    16.589183344607946,
    8.605482084445685,
    3.3618261213697496,
    10.596477513315529,
    9.77913506600797,
    17.3651165441038,
    14.956021164606211,
    11.858278491648047,
    -0.0019070733308046409,
    3.47301259502057
  ],
  "sellPrice": [
    50.835649267879006,
    50.57945633518839,
    50.417642819690826,
    50.239491560917614,
    50.11479039984858,
    50.00228275865495,
    49.88585745752716,
    49.760426258623006,
    49.61547598777378,
    49.47748625007665,
    49.36210565826464,
    49.20451188732267,
    49.074247334475636,
    48.93239972442567,
    48.84716780717528,
    48.72533959672463,
    48.6190718909924,
    48.5463135512352,
    48.45100585317421,
    48.329312951460246,
    48.131003837636236,
    47.94733953452194,
    47.81252168534982,
    47.739319658804895,
    47.66484950619292,
    47.518200009348156,
    47.43664660170663,
    47.344507645455835,
    47.19996015410185,
    47.050327571620464
  ]
}