{
  "buyPrice": [
    47.78853608390188,
    47.768408091842176,
    47.75180049816657,
    47.77821777337837,
    47.682141186634546,
    47.8555093771863,
    47.97289123207284,
    48.046536708982956,
    48.11418436429549,
    48.048942695540916,
    48.14215610113145,
    48.21959057825042,
    48.31467848168183,
    48.35958070587636,
    48.32813143264962,
    48.429434325111394,
    48.561729296204575,
    48.70468261630155,
    48.65936891697122,
    48.57393639190007,
    48.842869682742126,
    48.980108070397385,
    49.08591432962323,
    49.131233743886,
    48.920718492463116,
    49.07444446021272,
    49.05317919659711,
    49.30168731889248,
    49.440451593509685,
    49.564739944252025
  ],
  "sellPrice": [
    47.654531222090725,
    47.744999101251366,
    47.793019419204,
    47.830459575800894,
    47.81479124524355,
    47.91017422662616,
    47.93218546198756,
    47.97672713364929,
    47.993076194326584,
    48.06458170141727,
    48.13457864133537,
    48.1498950690341,
    48.21807769011557,
    48.24611454081833,
    48.273897559950946,
    48.29620589362741,
    48.32470137182623,
    48.32532729740262,
    48.4444291083458,
    48.42309283420503,
    48.46040607501685,
    48.47084489833921,
    48.55336611868441,
    48.59910483695536,
    48.645942530547075,
    48.70803607839465,
    48.768909504035705,
    48.8288022167921,
    48.88766806546926,
    48.93669217190384
  ]
}