{
  "buyPrice": [
    43.30849252633683,
    42.97057119457868,
    42.900799868855415,
    42.75721225127464,
    42.99915677928531,
    43.14302216278089,
    42.69253793008791,
    43.4194409128919,
    44.347599189262624,
    44.10270339840723,
    45.11038779222152,
    44.771483863539785,
    44.618183119125916,
    43.22822685714511,
    44.02581084904333,
    44.01875212273353,
    44.512885532900015,
    43.86118593549055,
    44.10676225283721,
    43.52772621873885,
    43.4806570484394,
    42.23425889141092,
    42.416146956568376,
    42.611024050316566,
    42.56045329345369,
    42.4501038396524,
    43.46957418843896,
    43.20545352420562,
    43.40207880718007,
    43.241554412944495
  ],
  "sellPrice": [
    38.886713644459846,
    39.03486712193069,
    38.72952803865209,
    38.69063630711699,
    38.55585951505155,
    38.18051600972207,
    38.54531551906398,
    38.47930742953944,
    38.789310637546194,
    38.80222968122162,
    39.41080200110859,
    39.190616410050794,
    39.074120103863656,
    39.75959099702415,
    39.53699562266331,
    39.72973399899709,
    39.57404549820355,
    39.530503536186366,
    39.35077538451786,
    39.475182727062005,
    39.764401879726435,
    39.66369985776116,
    39.954226806337076,
    39.86245965298621,
    39.802028366478645,
    39.31196007133615,
    39.530196125992035,
    39.33023968882407,
    39.25260645728951,
    39.20020604501132
  ]
}