{
  "buyPrice": [
    39.58830857261765,
    39.653042219505664,
    39.692075615200636,
    39.72947312611222,
    39.819419448505755,
    39.909807778765554,
    39.982192262843846,
    40.075993622916336,
    40.127066036989326,
    40.181205165433404,
    40.213631227045056,
    40.315570999995344,
    40.39611212407994,
    40.42095114345109,
    40.47868101621079,
    40.55719892903125,
    40.65412624164247,
    40.772948892371176,
    40.85050988094508,
    40.89215886958062,
    40.96144474181294,
    41.09791125293517,
    41.164859495936625,
    41.19717619477725,
    41.25080952040529,
    41.30191838873529,
    41.37095819473278,
    41.40235442358386,
    41.498402277244686,
    41.58726864227425
  ],
  "sellPrice": [
    40.62521470652628,
    40.772132142447234,
    40.920769034150126,
    41.05139737034965,
    41.18486555240178,
    41.32022696502233,
    41.46434113925624,
    41.59514325024223,
    41.744516398277284,
    41.865756322986606,
    41.999544616487505,
    42.1292583485477,
    42.264020695456985,
    42.38945408014512,
    42.52648464531994,
    42.658306539921284,
    42.773244842110635,
    42.902556148349525,
    43.03281406987262,
    43.16398659553504,
    43.28593991147304,
    43.42471737055397,
    43.55755447574997,
    43.69564598172641,
    43.83342194927478,
    43.963199703624724,
    44.10169820844317,
    44.22461643174815,
    44.35867453347016,
    44.492330209370856
  ]
}