{
  "buyPrice": [
    29.537067638181444,
    29.722269314985034,
    29.81796408526778,
    29.78328965790462,
    29.815063524129386,
    29.867460210424657,
    30.016671181828016,
    30.072178762350077,
    30.10139470682239,
    30.156939604505297,
    30.257753610762116,
    30.386932051730152,
    30.4575903995552,
    30.498021847095963,
    30.55841797568869,
    30.655954856729505,
    30.767102324071164,
    30.820391229757544,
    30.94915578948712,
    31.071718915578124,
    31.083640052233452,
    31.14665177455449,
    31.232555878819223,
    31.272332579810616,
    31.370106933693165,
    31.41443972077679,
    31.496703705624576,
    31.65929457542538,
    31.731581308450934,
    31.7341799398334
  ],
  "sellPrice": [
    43.693767645882964,
    42.57831619968354,
    43.36855353302896,
    40.47754358696461,
    41.322420462032554,
    44.481714884071344,
    45.705899498978255,
    48.24991024407565,
    49.97817330048024,
    50.18984058134317,
    49.31492809543013,
    49.45588740078509,
    49.1401255097711,
    51.788327000948186,
    52.81641492200434,
    54.17779924077153,
    53.36206528578281,
    52.60747721482932,
    52.56786921223342,
    53.87120803066372,
    50.652481004174945,
    55.35822827444732,
    52.375425683670635,
    54.76418033745527,
    52.57728709981322,
    51.8331332105422,
    53.637034642223114,
    54.90311735488295,
    56.90271033614397,
    55.05512199175238
  ]
}