{
  "buyPrice": [
    4281.885833810707,
    4326.413732623206,
    4353.964581063997,
    4387.584346643122,
    4440.141182108318,
    4436.64126375433,
    4479.982191188435,
    4486.457203233639,
    4472.603984928674,
    4457.084962053921,
    4471.054953030902,
    4424.727189402251,
    4421.487237024788,
    4470.711484808465,
    4483.7570798287625,
    4482.532597675839,
    4520.912317452518,
    4521.816816389668,
    4528.334231919123,
    4547.190735185117,
    4566.970982046497,
    4568.689627881275,
    4594.118671206251,
    4605.80246202078,
    4591.752882965666,
    4594.139220587081,
    4621.551116071786,
    4592.764695336035,
    4611.209558624142,
    4640.3955506538005
  ],
  "sellPrice": [
    4458.118272493647,
    4400.694559447775,
    4372.011247915502,
    4339.351700740957,
    4309.328895132534,
    4330.64743595946,
    4325.656303563437,
    4349.170035729482,
    4410.417798838833,
    4453.895897474742,
    4512.513932929964,
    4540.872320911373,
    4562.731911647043,
    4543.855027764332,
    4567.0436732652815,
    4546.930709729737,
    4565.108812241012,
    4591.989059048762,
    4596.217306180032,
    4568.793236521589,
    4567.635777928753,
    4590.920008369866,
    4586.897285171372,
    4584.307683618404,
    4600.6631476972725,
    4632.769900738344,
    4651.7981546286865,
    4649.458444079695,
    4684.799099891563,
    4716.6249702245095
  ]
}