{
  "buyPrice": [
    1470.6914731421089,
    1474.7036353128194,
    1487.4138440840197,
    1494.5897364785576,
    1506.8396341916275,
    1518.4295526319218,
    1532.6183171697999,
    1555.3887078380776,
    1563.5087591874694,
    1580.447700637512,
    1605.7760243752145,
    1620.7070681382656,
    1636.8282229212045,
    1640.811161500373,
    1670.7053159944915,
    1692.8634329286194,
    1686.871806835661,
    1687.799695358467,
    1710.9683166985178,
    1716.7765450088787,
    1748.5568058976698,
    1775.34346583601,
    1774.7567824901294,
    1792.793741155362,
    1775.7167379809523,
    1791.2775896330786,
    1819.008724456992,
    1807.7004582530212,
    1811.7916031035757,
    1843.3467633548116
  ],
  "sellPrice": [
    1311.693335932665,
    1323.4954018510198,
    1329.082320692458,
    1336.9382539604521,
    1347.0696782347488,
    1333.0772646389628,
    1298.0225398092032,
    1298.8886638763713,
    1261.9852704421853,
    1251.7187857853555,
    1264.7904192995215,
    1248.981246101966,
    1230.9506060511208,
    1230.0893789101028,
    1207.2551702365113,
    1196.384784009595,
    1178.0162560543777,
    1123.8791578089715,
    1144.742116759019,
    1124.0800897464942,
    1094.164451963458,
    1100.7467105362891,
    1084.0151776035166,
    1072.303467870903,
    1096.3870245742655,
    1077.7932380161333,
    1096.1435999549865,
    1101.0676961471747,
    1068.519249714222,
    1066.155772002573
  ]
}