{
  "buyPrice": [
    35.49880062886453,
    34.992337118613484,
    34.52047339726663,
    34.686041816800596,
    34.56661985990978,
    34.57704865010357,
    34.87167466541505,
    35.14656194179631,
    35.22839159204936,
    35.06384909648872,
    35.23762107616044,
    35.16557937283493,
    35.07417730590082,
    34.79578215501881,
    34.78565702299452,
    34.88878776698685,
    35.42669282959676,
    35.801850524121285,
    36.46988796000457,
    36.845166351467135,
    37.10052658751584,
    37.26438513376093,
    37.19936588482237,
    37.27574980418063,
    37.34624831094122,
    36.89819541331506,
    37.04741227148152,
    36.91293289261437,
    36.820108326053386,
    36.61531627539373
  ],
  "sellPrice": [
    34.465322687055114,
    34.417140675382434,
    34.32348361429024,
    34.108124404946444,
    34.3979428032614,
    34.62759668973529,
    34.540351056761985,
    34.63477277480215,
    34.615389966852845,
    34.22776255436856,
    33.97160630966538,
    33.9144965927493,
    33.680160859348355,
    33.81686484867442,
    33.88753333227444,
    33.6961458307845,
    33.69503909046507,
    33.835874910317,
    33.4601475913626,
    33.11424285159576,
    33.09757371341669,
    33.314596386998176,
    33.512042692851544,
    34.00962834938401,
    34.51420611337179,
    34.51370975710732,
    34.68307264713222,
    34.28155109210962,
    33.809396507505895,
    33.49985992538726
  ]
}