{
  "buyPrice": [
    3.7491165873000623,
    3.7485751901472213,
    3.748483616734028,
    3.7487279981997608,
    3.7481770328715442,
    3.748299535811365,
    3.7484710156911016,
    3.747951718751252,
    3.747670993366599,
    3.7477066438663007,
    3.7484265695388914,
    3.7485227141331436,
    3.7490224994006756,
    3.7487397526653408,
    3.7493311231274604,
    3.74920730908674,
    3.7478558148340584,
    3.747660990962684,
    3.748302965880215,
    3.747365373895407,
    3.748040087625146,
    3.748047511586726,
    3.748738911137164,
    3.749280486693978,
    3.7485447756358385,
    3.7488729278655053,
    3.7493572205992938,
    3.7492460681915283,
    3.7488502537302972,
    3.7486285430336594
  ],
  "sellPrice": [
    3.757957953640908,
    3.7575316662448643,
    3.757669811862379,
    3.756714151006609,
    3.7567339263830184,
    3.756134864110142,
    3.756358614349872,
    3.7567809956602454,
    3.756533417861819,
    3.756157743131101,
    3.7566724284294546,
    3.756311795835495,
    3.7572883870304823,
    3.75710725411883,
    3.7575280407228466,
    3.756915453246742,
    3.7576190167579946,
    3.757890300731361,
    3.758055672652751,
    3.7577546721913815,
    3.7575028975677487,
    3.757052829131335,
    3.758342812833577,
    3.758046536889672,
    3.757629838810384,
    3.7572661992427707,
    3.757981654001057,
    3.7584609853717983,
    3.7588191597629783,
    3.7583761824638544
  ]
}